{
	"users": [
		{
			"user_id": "1",
			"timestamp": 1549591999,
			"data": {
				"ecom1": {
					"id": 1,
					"user_id": "1",
					"provider": "ecom1",
					"creation_date": "2018-03-01 09:07:15",
					"transactions": [{
							"transaction_id": "1",
							"transaction_date": "2017-05-21 00:00:00",
							"transaction_amount": "Rp 5.602.000",
							"std_status": "CANCELLED",
							"creation_time": "2018-03-01 09:07:16",
							"modification_time": "2018-03-01 09:07:58"
						},
						{
							"transaction_id": "2",
							"transaction_date": "2015-10-18 00:00:00",
							"transaction_amount": "Rp 56.500",
							"std_status": "DELIVERED",
							"creation_time": "2018-03-01 09:07:16",
							"modification_time": "2018-03-01 09:07:59"
						},
						{
							"transaction_id": "3",
							"transaction_date": "2015-10-13 00:00:00",
							"transaction_amount": "Rp 1.599",
							"std_status": "DELIVERED",
							"creation_time": "2018-03-01 09:07:17",
							"modification_time": "2018-03-01 09:08:00"
						},
						{
							"transaction_id": "4",
							"transaction_date": "2015-10-13 00:00:00",
							"transaction_amount": "Rp 56.500",
							"std_status": "DELIVERED",
							"creation_time": "2018-03-01 09:07:17",
							"modification_time": "2018-03-01 09:08:01"
						}
					]
				},
				"ecom2": {
					"id": 2,
					"user_id": "1",
					"provider": "ecom2",
					"creation_date": "2018-03-01 09:05:16",
					"transactions": [{
							"transaction_id": "1",
							"transaction_date": "2017-06-04 00:00:00",
							"transaction_amount": "Rp310.000",
							"std_status": "DELIVERED",
							"creation_time": "2018-03-01 09:05:16",
							"modification_time": "2018-03-01 09:05:16"
						},
						{
							"transaction_id": "2",
							"transaction_date": "2017-04-20 00:00:00",
							"transaction_amount": "Rp893.513",
							"std_status": "DELIVERED",
							"creation_time": "2018-03-01 09:05:17",
							"modification_time": "2018-03-01 09:05:17"
						},
						{
							"transaction_id": "3",
							"transaction_date": "2018-03-01 09:05:09",
							"transaction_amount": "Rp165.500",
							"std_status": "DELIVERED",
							"creation_time": "2018-03-01 09:05:19",
							"modification_time": "2018-03-01 09:05:19"
						},
						{
							"transaction_id": "4",
							"transaction_date": "2018-03-01 09:05:11",
							"transaction_amount": "Rp335.600",
							"std_status": "DELIVERED",
							"creation_time": "2018-03-01 09:05:19",
							"modification_time": "2018-03-01 09:05:19"
						},
						{
							"transaction_id": "5",
							"transaction_date": "2018-03-01 09:05:12",
							"transaction_amount": "Rp1.245.440",
							"std_status": "DELIVERED",
							"creation_time": "2018-03-01 09:05:20",
							"modification_time": "2018-03-01 09:05:20"
						},
						{
							"transaction_id": "6",
							"transaction_date": "2018-06-22 14:51:14",
							"transaction_amount": "Rp91.540",
							"std_status": "DELIVERED",
							"creation_time": "2018-06-22 14:51:43",
							"modification_time": "2018-06-22 14:51:43"
						},
						{
							"transaction_id": "7",
							"transaction_date": "2018-06-22 14:51:15",
							"transaction_amount": "",
							"std_status": "DELIVERED",
							"creation_time": "2018-06-22 14:51:43",
							"modification_time": "2018-06-22 14:51:43"
						},
						{
							"transaction_id": "8",
							"transaction_date": "2018-04-27 00:00:00",
							"transaction_amount": "Rp968.379",
							"std_status": "DELIVERED",
							"creation_time": "2018-06-22 14:51:43",
							"modification_time": "2018-06-22 14:51:43"
						},
						{
							"transaction_id": "9",
							"transaction_date": "2018-04-27 00:00:00",
							"transaction_amount": "Rp141.390",
							"std_status": "DELIVERED",
							"creation_time": "2018-06-22 14:51:44",
							"modification_time": "2018-06-22 14:51:44"
						},
						{
							"transaction_id": "9",
							"transaction_date": "2018-04-13 00:00:00",
							"transaction_amount": "Rp230.000",
							"std_status": "DELIVERED",
							"creation_time": "2018-06-22 14:51:44",
							"modification_time": "2018-06-22 14:51:44"
						},
						{
							"transaction_id": "10",
							"transaction_date": "2018-04-12 00:00:00",
							"transaction_amount": "Rp250.000",
							"std_status": "DELIVERED",
							"creation_time": "2018-06-22 14:51:44",
							"modification_time": "2018-06-22 14:51:44"
						},
						{
							"transaction_id": "11",
							"transaction_date": "2018-03-31 00:00:00",
							"transaction_amount": "",
							"std_status": "DELIVERED",
							"creation_time": "2018-06-22 14:51:44",
							"modification_time": "2018-06-22 14:51:44"
						},
						{
							"transaction_id": "12",
							"transaction_date": "2018-03-02 00:00:00",
							"transaction_amount": "Rp1.037.330",
							"std_status": "DELIVERED",
							"creation_time": "2018-06-22 14:51:45",
							"modification_time": "2018-06-22 14:51:45"
						},
						{
							"transaction_id": "13",
							"transaction_date": "2018-06-22 14:51:32",
							"transaction_amount": "",
							"std_status": "DELIVERED",
							"creation_time": "2018-06-22 14:51:45",
							"modification_time": "2018-06-22 14:51:45"
						},
						{
							"transaction_id": "14",
							"transaction_date": "2018-06-22 14:51:35",
							"transaction_amount": "",
							"std_status": "DELIVERED",
							"creation_time": "2018-06-22 14:51:45",
							"modification_time": "2018-06-22 14:51:45"
						}
					]
				},
				"ecom3": {
					"id": 3,
					"user_id": "1",
					"provider": "ecom3",
					"creation_date": "2018-03-01 09:07:32",
					"transactions": [{
							"transaction_id": "1",
							"transaction_date": "2017-07-11 00:00:00",
							"transaction_amount": "Rp 25,000",
							"std_status": "CANCELLED",
							"creation_time": "2018-03-01 09:07:33",
							"modification_time": "2018-03-01 09:07:33"
						},
						{
							"transaction_id": "2",
							"transaction_date": "2016-09-24 00:00:00",
							"transaction_amount": "Rp 150000",
							"std_status": "SHIPPED",
							"creation_time": "2018-03-01 09:07:33",
							"modification_time": "2018-03-01 09:07:33"
						},
						{
							"transaction_id": "3",
							"transaction_date": "2016-09-27 00:00:00",
							"transaction_amount": "Rp 129000",
							"std_status": "SHIPPED",
							"creation_time": "2018-03-01 09:07:34",
							"modification_time": "2018-03-01 09:07:34"
						},
						{
							"transaction_id": "4",
							"transaction_date": "2016-09-20 00:00:00",
							"transaction_amount": "Rp 300000",
							"std_status": "CANCELLED",
							"creation_time": "2018-03-01 09:07:35",
							"modification_time": "2018-03-01 09:07:35"
						},
						{
							"transaction_id": "5",
							"transaction_date": "2016-09-09 00:00:00",
							"transaction_amount": "Rp 199000",
							"std_status": "SHIPPED",
							"creation_time": "2018-03-01 09:07:36",
							"modification_time": "2018-03-01 09:07:36"
						}
					]
				},
				"ecom4": {
					"id": 4,
					"user_id": "1",
					"provider": "ecom4",
					"creation_date": "2018-03-01 09:05:30",
					"transactions": [{
							"transaction_id": "1",
							"transaction_date": "2016-12-17 00:00:00",
							"transaction_amount": "RP 19.000",
							"std_status": "DELIVERED",
							"creation_time": "2018-03-01 09:05:30",
							"modification_time": "2018-03-01 09:05:30"
						},
						{
							"transaction_id": "2",
							"transaction_date": "2015-11-12 00:00:00",
							"transaction_amount": "RP 92.000",
							"std_status": "DELIVERED",
							"creation_time": "2018-03-01 09:05:31",
							"modification_time": "2018-03-01 09:05:31"
						},
						{
							"transaction_id": "3",
							"transaction_date": "2015-11-10 00:00:00",
							"transaction_amount": "RP 34.500",
							"std_status": "DELIVERED",
							"creation_time": "2018-03-01 09:05:33",
							"modification_time": "2018-03-01 09:05:33"
						},
						{
							"transaction_id": "4",
							"transaction_date": "2015-10-10 00:00:00",
							"transaction_amount": "RP 148.000",
							"std_status": "DELIVERED",
							"creation_time": "2018-03-01 09:05:33",
							"modification_time": "2018-03-01 09:05:33"
						},
						{
							"transaction_id": "5",
							"transaction_date": "2015-10-05 00:00:00",
							"transaction_amount": "RP 211.500",
							"std_status": "DELIVERED",
							"creation_time": "2018-03-01 09:05:34",
							"modification_time": "2018-03-01 09:05:34"
						},
						{
							"transaction_id": "6",
							"transaction_date": "2014-12-13 00:00:00",
							"transaction_amount": "RP 100.000",
							"std_status": "DELIVERED",
							"creation_time": "2018-03-01 09:05:35",
							"modification_time": "2018-03-01 09:05:35"
						},
						{
							"transaction_id": "7",
							"transaction_date": "2014-07-02 00:00:00",
							"transaction_amount": "RP 293.981",
							"std_status": "DELIVERED",
							"creation_time": "2018-03-01 09:05:35",
							"modification_time": "2018-03-01 09:05:35"
						}
					]
				},
				"ecom5": {
					"id": 5,
					"user_id": "1",
					"provider": "ecom5",
					"creation_date": "2018-03-01 09:04:48",
					"transactions": [{
							"transaction_id": "1",
							"transaction_date": "2018-02-19 00:00:00",
							"transaction_amount": "Rp 195.000",
							"std_status": "DELIVERED",
							"creation_time": "2018-03-01 09:04:51",
							"modification_time": "2018-03-01 09:04:53"
						},
						{
							"transaction_id": "2",
							"transaction_date": "2017-11-20 00:00:00",
							"transaction_amount": "Rp 199.900",
							"std_status": "DELIVERED",
							"creation_time": "2018-03-01 09:04:53",
							"modification_time": "2018-03-01 09:04:53"
						},
						{
							"transaction_id": "3",
							"transaction_date": "2017-11-20 00:00:00",
							"transaction_amount": "Rp 58.900",
							"std_status": "DELIVERED",
							"creation_time": "2018-03-01 09:04:54",
							"modification_time": "2018-03-01 09:04:54"
						},
						{
							"transaction_id": "4",
							"transaction_date": "2017-11-20 00:00:00",
							"transaction_amount": "Rp 65.000",
							"std_status": "DELIVERED",
							"creation_time": "2018-03-01 09:04:54",
							"modification_time": "2018-03-01 09:04:56"
						},
						{
							"transaction_id": "5",
							"transaction_date": "2017-11-15 00:00:00",
							"transaction_amount": "Rp 53.000",
							"std_status": "DELIVERED",
							"creation_time": "2018-03-01 09:04:56",
							"modification_time": "2018-03-01 09:04:59"
						},
						{
							"transaction_id": "6",
							"transaction_date": "2017-10-22 00:00:00",
							"transaction_amount": "Rp 80.000",
							"std_status": "DELIVERED",
							"creation_time": "2018-03-01 09:04:59",
							"modification_time": "2018-03-01 09:04:59"
						},
						{
							"transaction_id": "7",
							"transaction_date": "2017-10-20 00:00:00",
							"transaction_amount": "Rp 390.000",
							"std_status": "FAILED",
							"creation_time": "2018-03-01 09:04:59",
							"modification_time": "2018-03-01 09:04:59"
						},
						{
							"transaction_id": "8",
							"transaction_date": "2017-10-20 00:00:00",
							"transaction_amount": "Rp 300.000",
							"std_status": "DELIVERED",
							"creation_time": "2018-03-01 09:05:01",
							"modification_time": "2018-03-01 09:05:01"
						},
						{
							"transaction_id": "9",
							"transaction_date": "2017-10-20 00:00:00",
							"transaction_amount": "Rp 300.000",
							"std_status": "CANCELLED",
							"creation_time": "2018-03-01 09:05:01",
							"modification_time": "2018-03-01 09:05:01"
						},
						{
							"transaction_id": "10",
							"transaction_date": "2017-09-17 00:00:00",
							"transaction_amount": "Rp 62.000",
							"std_status": "DELIVERED",
							"creation_time": "2018-03-01 09:05:02",
							"modification_time": "2018-03-01 09:05:03"
						},
						{
							"transaction_id": "11",
							"transaction_date": "2018-06-03 00:00:00",
							"transaction_amount": "Rp 71.000",
							"std_status": "DELIVERED",
							"creation_time": "2018-06-22 14:51:49",
							"modification_time": "2018-06-22 14:51:49"
						},
						{
							"transaction_id": "12",
							"transaction_date": "2018-05-09 00:00:00",
							"transaction_amount": "Rp 19.000",
							"std_status": "DELIVERED",
							"creation_time": "2018-06-22 14:51:49",
							"modification_time": "2018-06-22 14:51:49"
						},
						{
							"transaction_id": "13",
							"transaction_date": "2018-05-07 00:00:00",
							"transaction_amount": "Rp 263.000",
							"std_status": "DELIVERED",
							"creation_time": "2018-06-22 14:51:50",
							"modification_time": "2018-06-22 14:51:50"
						},
						{
							"transaction_id": "14",
							"transaction_date": "2018-05-04 00:00:00",
							"transaction_amount": "Rp 159.000",
							"std_status": "DELIVERED",
							"creation_time": "2018-06-22 14:51:50",
							"modification_time": "2018-06-22 14:51:50"
						},
						{
							"transaction_id": "15",
							"transaction_date": "2018-05-02 00:00:00",
							"transaction_amount": "Rp 159.000",
							"std_status": "DELIVERED",
							"creation_time": "2018-06-22 14:51:50",
							"modification_time": "2018-06-22 14:51:50"
						},
						{
							"transaction_id": "16",
							"transaction_date": "2018-04-30 00:00:00",
							"transaction_amount": "Rp 40.000",
							"std_status": "DELIVERED",
							"creation_time": "2018-06-22 14:51:50",
							"modification_time": "2018-06-22 14:51:50"
						},
						{
							"transaction_id": "17",
							"transaction_date": "2018-04-30 00:00:00",
							"transaction_amount": "Rp 175.000",
							"std_status": "DELIVERED",
							"creation_time": "2018-06-22 14:51:51",
							"modification_time": "2018-06-22 14:51:51"
						},
						{
							"transaction_id": "18",
							"transaction_date": "2018-04-30 00:00:00",
							"transaction_amount": "Rp 25.000",
							"std_status": "DELIVERED",
							"creation_time": "2018-06-22 14:51:55",
							"modification_time": "2018-06-22 14:51:55"
						},
						{
							"transaction_id": "19",
							"transaction_date": "2018-04-29 00:00:00",
							"transaction_amount": "Rp 263.000",
							"std_status": "FAILED",
							"creation_time": "2018-06-22 14:51:56",
							"modification_time": "2018-06-22 14:51:56"
						},
						{
							"transaction_id": "20",
							"transaction_date": "2018-04-28 00:00:00",
							"transaction_amount": "Rp 100.000",
							"std_status": "DELIVERED",
							"creation_time": "2018-06-22 14:51:56",
							"modification_time": "2018-06-22 14:51:56"
						}
					]
				}
			}
		},
		{
			"user_id": "2",
			"timestamp": 1549591999,
			"data": {
				"ecom1": {
					"id": 1,
					"user_id": "2",
					"provider": "ecom1",
					"creation_date": "2018-03-01 09:07:15",
					"transactions": [{
							"transaction_id": "1",
							"transaction_date": "2017-05-21 00:00:00",
							"transaction_amount": "Rp 5.602.000",
							"std_status": "CANCELLED",
							"creation_time": "2018-03-01 09:07:16",
							"modification_time": "2018-03-01 09:07:58"
						},
						{
							"transaction_id": "2",
							"transaction_date": "2015-10-18 00:00:00",
							"transaction_amount": "Rp 56.500",
							"std_status": "DELIVERED",
							"creation_time": "2018-03-01 09:07:16",
							"modification_time": "2018-03-01 09:07:59"
						},
						{
							"transaction_id": "3",
							"transaction_date": "2015-10-13 00:00:00",
							"transaction_amount": "Rp 1.599",
							"std_status": "DELIVERED",
							"creation_time": "2018-03-01 09:07:17",
							"modification_time": "2018-03-01 09:08:00"
						},
						{
							"transaction_id": "4",
							"transaction_date": "2015-10-13 00:00:00",
							"transaction_amount": "Rp 56.500",
							"std_status": "DELIVERED",
							"creation_time": "2018-03-01 09:07:17",
							"modification_time": "2018-03-01 09:08:01"
						}
					]
				},
				"ecom2": {
					"id": 2,
					"user_id": "2",
					"provider": "ecom2",
					"creation_date": "2018-03-01 09:05:16",
					"transactions": [{
							"transaction_id": "1",
							"transaction_date": "2017-06-04 00:00:00",
							"transaction_amount": "Rp310.000",
							"std_status": "DELIVERED",
							"creation_time": "2018-03-01 09:05:16",
							"modification_time": "2018-03-01 09:05:16"
						},
						{
							"transaction_id": "2",
							"transaction_date": "2017-04-20 00:00:00",
							"transaction_amount": "Rp893.513",
							"std_status": "DELIVERED",
							"creation_time": "2018-03-01 09:05:17",
							"modification_time": "2018-03-01 09:05:17"
						},
						{
							"transaction_id": "3",
							"transaction_date": "2018-03-01 09:05:09",
							"transaction_amount": "Rp165.500",
							"std_status": "DELIVERED",
							"creation_time": "2018-03-01 09:05:19",
							"modification_time": "2018-03-01 09:05:19"
						},
						{
							"transaction_id": "4",
							"transaction_date": "2018-03-01 09:05:11",
							"transaction_amount": "Rp335.600",
							"std_status": "DELIVERED",
							"creation_time": "2018-03-01 09:05:19",
							"modification_time": "2018-03-01 09:05:19"
						},
						{
							"transaction_id": "5",
							"transaction_date": "2018-03-01 09:05:12",
							"transaction_amount": "Rp1.245.440",
							"std_status": "DELIVERED",
							"creation_time": "2018-03-01 09:05:20",
							"modification_time": "2018-03-01 09:05:20"
						},
						{
							"transaction_id": "6",
							"transaction_date": "2018-06-22 14:51:14",
							"transaction_amount": "Rp91.540",
							"std_status": "DELIVERED",
							"creation_time": "2018-06-22 14:51:43",
							"modification_time": "2018-06-22 14:51:43"
						},
						{
							"transaction_id": "7",
							"transaction_date": "2018-06-22 14:51:15",
							"transaction_amount": "",
							"std_status": "DELIVERED",
							"creation_time": "2018-06-22 14:51:43",
							"modification_time": "2018-06-22 14:51:43"
						},
						{
							"transaction_id": "8",
							"transaction_date": "2018-04-27 00:00:00",
							"transaction_amount": "Rp968.379",
							"std_status": "DELIVERED",
							"creation_time": "2018-06-22 14:51:43",
							"modification_time": "2018-06-22 14:51:43"
						},
						{
							"transaction_id": "9",
							"transaction_date": "2018-04-27 00:00:00",
							"transaction_amount": "Rp141.390",
							"std_status": "DELIVERED",
							"creation_time": "2018-06-22 14:51:44",
							"modification_time": "2018-06-22 14:51:44"
						},
						{
							"transaction_id": "9",
							"transaction_date": "2018-04-13 00:00:00",
							"transaction_amount": "Rp230.000",
							"std_status": "DELIVERED",
							"creation_time": "2018-06-22 14:51:44",
							"modification_time": "2018-06-22 14:51:44"
						},
						{
							"transaction_id": "10",
							"transaction_date": "2018-04-12 00:00:00",
							"transaction_amount": "Rp250.000",
							"std_status": "DELIVERED",
							"creation_time": "2018-06-22 14:51:44",
							"modification_time": "2018-06-22 14:51:44"
						},
						{
							"transaction_id": "11",
							"transaction_date": "2018-03-31 00:00:00",
							"transaction_amount": "",
							"std_status": "DELIVERED",
							"creation_time": "2018-06-22 14:51:44",
							"modification_time": "2018-06-22 14:51:44"
						},
						{
							"transaction_id": "12",
							"transaction_date": "2018-03-02 00:00:00",
							"transaction_amount": "Rp1.037.330",
							"std_status": "DELIVERED",
							"creation_time": "2018-06-22 14:51:45",
							"modification_time": "2018-06-22 14:51:45"
						},
						{
							"transaction_id": "13",
							"transaction_date": "2018-06-22 14:51:32",
							"transaction_amount": "",
							"std_status": "DELIVERED",
							"creation_time": "2018-06-22 14:51:45",
							"modification_time": "2018-06-22 14:51:45"
						},
						{
							"transaction_id": "14",
							"transaction_date": "2018-06-22 14:51:35",
							"transaction_amount": "",
							"std_status": "DELIVERED",
							"creation_time": "2018-06-22 14:51:45",
							"modification_time": "2018-06-22 14:51:45"
						}
					]
				},
				"ecom5": {
					"id": 5,
					"user_id": "1",
					"provider": "ecom5",
					"creation_date": "2018-03-01 09:04:48",
					"transactions": [{
							"transaction_id": "1",
							"transaction_date": "2018-02-19 00:00:00",
							"transaction_amount": "Rp 195.000",
							"std_status": "DELIVERED",
							"creation_time": "2018-03-01 09:04:51",
							"modification_time": "2018-03-01 09:04:53"
						},
						{
							"transaction_id": "2",
							"transaction_date": "2017-11-20 00:00:00",
							"transaction_amount": "Rp 199.900",
							"std_status": "DELIVERED",
							"creation_time": "2018-03-01 09:04:53",
							"modification_time": "2018-03-01 09:04:53"
						},
						{
							"transaction_id": "3",
							"transaction_date": "2017-11-20 00:00:00",
							"transaction_amount": "Rp 58.900",
							"std_status": "DELIVERED",
							"creation_time": "2018-03-01 09:04:54",
							"modification_time": "2018-03-01 09:04:54"
						},
						{
							"transaction_id": "4",
							"transaction_date": "2017-11-20 00:00:00",
							"transaction_amount": "Rp 65.000",
							"std_status": "DELIVERED",
							"creation_time": "2018-03-01 09:04:54",
							"modification_time": "2018-03-01 09:04:56"
						},
						{
							"transaction_id": "5",
							"transaction_date": "2017-11-15 00:00:00",
							"transaction_amount": "Rp 53.000",
							"std_status": "DELIVERED",
							"creation_time": "2018-03-01 09:04:56",
							"modification_time": "2018-03-01 09:04:59"
						},
						{
							"transaction_id": "6",
							"transaction_date": "2017-10-22 00:00:00",
							"transaction_amount": "Rp 80.000",
							"std_status": "DELIVERED",
							"creation_time": "2018-03-01 09:04:59",
							"modification_time": "2018-03-01 09:04:59"
						},
						{
							"transaction_id": "7",
							"transaction_date": "2017-10-20 00:00:00",
							"transaction_amount": "Rp 390.000",
							"std_status": "FAILED",
							"creation_time": "2018-03-01 09:04:59",
							"modification_time": "2018-03-01 09:04:59"
						},
						{
							"transaction_id": "8",
							"transaction_date": "2017-10-20 00:00:00",
							"transaction_amount": "Rp 300.000",
							"std_status": "DELIVERED",
							"creation_time": "2018-03-01 09:05:01",
							"modification_time": "2018-03-01 09:05:01"
						},
						{
							"transaction_id": "9",
							"transaction_date": "2017-10-20 00:00:00",
							"transaction_amount": "Rp 300.000",
							"std_status": "CANCELLED",
							"creation_time": "2018-03-01 09:05:01",
							"modification_time": "2018-03-01 09:05:01"
						},
						{
							"transaction_id": "10",
							"transaction_date": "2017-09-17 00:00:00",
							"transaction_amount": "Rp 62.000",
							"std_status": "DELIVERED",
							"creation_time": "2018-03-01 09:05:02",
							"modification_time": "2018-03-01 09:05:03"
						},
						{
							"transaction_id": "11",
							"transaction_date": "2018-06-03 00:00:00",
							"transaction_amount": "Rp 71.000",
							"std_status": "DELIVERED",
							"creation_time": "2018-06-22 14:51:49",
							"modification_time": "2018-06-22 14:51:49"
						},
						{
							"transaction_id": "12",
							"transaction_date": "2018-05-09 00:00:00",
							"transaction_amount": "Rp 19.000",
							"std_status": "DELIVERED",
							"creation_time": "2018-06-22 14:51:49",
							"modification_time": "2018-06-22 14:51:49"
						},
						{
							"transaction_id": "13",
							"transaction_date": "2018-05-07 00:00:00",
							"transaction_amount": "Rp 263.000",
							"std_status": "DELIVERED",
							"creation_time": "2018-06-22 14:51:50",
							"modification_time": "2018-06-22 14:51:50"
						},
						{
							"transaction_id": "14",
							"transaction_date": "2018-05-04 00:00:00",
							"transaction_amount": "Rp 159.000",
							"std_status": "DELIVERED",
							"creation_time": "2018-06-22 14:51:50",
							"modification_time": "2018-06-22 14:51:50"
						},
						{
							"transaction_id": "15",
							"transaction_date": "2018-05-02 00:00:00",
							"transaction_amount": "Rp 159.000",
							"std_status": "DELIVERED",
							"creation_time": "2018-06-22 14:51:50",
							"modification_time": "2018-06-22 14:51:50"
						},
						{
							"transaction_id": "16",
							"transaction_date": "2018-04-30 00:00:00",
							"transaction_amount": "Rp 40.000",
							"std_status": "DELIVERED",
							"creation_time": "2018-06-22 14:51:50",
							"modification_time": "2018-06-22 14:51:50"
						},
						{
							"transaction_id": "17",
							"transaction_date": "2018-04-30 00:00:00",
							"transaction_amount": "Rp 175.000",
							"std_status": "DELIVERED",
							"creation_time": "2018-06-22 14:51:51",
							"modification_time": "2018-06-22 14:51:51"
						},
						{
							"transaction_id": "18",
							"transaction_date": "2018-04-30 00:00:00",
							"transaction_amount": "Rp 25.000",
							"std_status": "DELIVERED",
							"creation_time": "2018-06-22 14:51:55",
							"modification_time": "2018-06-22 14:51:55"
						},
						{
							"transaction_id": "19",
							"transaction_date": "2018-04-29 00:00:00",
							"transaction_amount": "Rp 263.000",
							"std_status": "FAILED",
							"creation_time": "2018-06-22 14:51:56",
							"modification_time": "2018-06-22 14:51:56"
						},
						{
							"transaction_id": "20",
							"transaction_date": "2018-04-28 00:00:00",
							"transaction_amount": "Rp 100.000",
							"std_status": "DELIVERED",
							"creation_time": "2018-06-22 14:51:56",
							"modification_time": "2018-06-22 14:51:56"
						}
					]
				}
			}
		}
	]
}